acct_num2,active_months,total_txns,txns_per_active_month,median_txn_amount,avg_monthly_spend,avg_%_small_txns_monthly,avg_%_large_txns_monthly,monthly_amt_mean,monthly_amt_std,cv_monthly_spend,entertainment_ratio,food_dining_ratio,gas_transport_ratio,grocery_net_ratio,grocery_pos_ratio,health_fitness_ratio,home_ratio,kids_pets_ratio,misc_net_ratio,misc_pos_ratio,personal_care_ratio,shopping_net_ratio,shopping_pos_ratio,travel_ratio,recency_days,gender,city,city_pop,job,dob,province,region,island_group,urbanization,income_class,profession,age,generation,yoy_change_monthly_spend_entertainment,yoy_change_monthly_spend_food_dining,yoy_change_monthly_spend_gas_transport,yoy_change_monthly_spend_grocery_net,yoy_change_monthly_spend_grocery_pos,yoy_change_monthly_spend_health_fitness,yoy_change_monthly_spend_home,yoy_change_monthly_spend_kids_pets,yoy_change_monthly_spend_misc_net,yoy_change_monthly_spend_misc_pos,yoy_change_monthly_spend_personal_care,yoy_change_monthly_spend_shopping_net,yoy_change_monthly_spend_shopping_pos,yoy_change_monthly_spend_travel,yoy_abs_change_monthly_spend_entertainment,yoy_abs_change_monthly_spend_food_dining,yoy_abs_change_monthly_spend_gas_transport,yoy_abs_change_monthly_spend_grocery_net,yoy_abs_change_monthly_spend_grocery_pos,yoy_abs_change_monthly_spend_health_fitness,yoy_abs_change_monthly_spend_home,yoy_abs_change_monthly_spend_kids_pets,yoy_abs_change_monthly_spend_misc_net,yoy_abs_change_monthly_spend_misc_pos,yoy_abs_change_monthly_spend_personal_care,yoy_abs_change_monthly_spend_shopping_net,yoy_abs_change_monthly_spend_shopping_pos,yoy_abs_change_monthly_spend_travel
3843260959,12,1962,163.5,69.96742609582058,5719.837083333333,0.09986248274303389,0.09266524523597996,5719.837083333333,2882.011557680532,0.5038625253992357,0.05292817186170213,0.11061085020821676,0.10540152412131015,0.02476023013420414,0.13209581489998617,0.03173031581423567,0.0848373721877907,0.11562340068256526,0.03489597726267991,0.06636473596153927,0.058354374074819755,0.05373885184786473,0.09632938617860759,0.03232899476447782,25,M,Cadiz,283157,Scientific laboratory technician,1960-05-24,Negros Occidental,Region VI (Western Visayas),Visayas,0.8636363636363636,Component City,professional_services_and_knowledge,61,Baby Boomer,-0.24653513833314525,0.016589286410986726,-0.03549940729646362,0.4481699156240907,-0.10250363711908309,-0.18311689630314046,-0.35907003943323607,-0.10674370567399102,-0.24977594374464485,2.0667961751429367,-0.19721519779100294,0.877243382721797,0.6407403181676833,-0.8218537345506413,-71.47098484848487,8.858333333333348,-19.098030303030328,67.2379365079365,-69.69333333333338,-30.058333333333337,-189.3241666666666,-67.95500000000004,-46.111818181818194,347.38537878787884,-67.35901515151522,202.6943939393939,238.67416666666662,-594.5327272727274
20386303916,1,12,12.0,733.6558333333332,8803.869999999999,0.0,0.8333333333333334,8803.869999999999,,,0.0,0.0,0.00266902105391592,0.0,0.05041992597914943,0.0,0.0,0.0,0.439919065113946,0.0,0.0,0.5069919878529886,0.0,0.0,111,M,Imus,403785,Osteopath,1965-01-13,Cavite,Region IV‑A (CALABARZON),Luzon,0.4845360824742268,Component City,healthcare_and_therapy,57,Gen X,,,,,,,,,,,,,,,,,,,,,,,,,,,,
24058295524,1,11,11.0,566.959090909091,6236.55,0.0,0.7272727272727273,6236.55,,,0.0,0.0,0.0024206273405684617,0.0,0.09519100964880034,0.0,0.0,0.003682307108265286,0.12080824554278714,0.0,0.0,0.1380929373221248,0.6398048730374539,0.0,240,M,Malabon,365525,"Psychologist, occupational",1948-05-10,Metro Manila,NCR,Luzon,1.0,Highly Urbanized City,healthcare_and_therapy,73,Baby Boomer,,,,,,,,,,,,,,,,,,,,,,,,,,,,
34614744133,12,649,54.083333333333336,69.92164869029276,1890.7979166666667,0.0966387178377381,0.12261429248535638,1890.7979166666667,1166.837114451151,0.6171136027631109,0.07565302317885392,0.12303296770565475,0.11879255046543076,0.023636003542516815,0.14352088173233715,0.02259803791873401,0.08783478813677355,0.123273080124452,0.025112716172599928,0.05047535791681438,0.06975075223512671,0.07242992236876127,0.05887576663504728,0.00501415186689748,25,M,Marikina City,450741,Exercise physiologist,1955-08-12,Metro Manila,NCR,Luzon,1.0,Highly Urbanized City,healthcare_and_therapy,66,Baby Boomer,0.08426382701293057,0.06254770354166846,-0.1169779779349076,0.88358886996025,-0.07922679008984473,-0.3703605631316474,0.12785624505038606,0.10551931813248909,-0.7127813155689319,0.860777378859093,0.24199614896427854,-0.6685194137957667,-0.6081885977974204,0.25525330415305963,12.924666666666667,13.248333333333363,-24.46816666666669,62.24000000000001,-23.279999999999973,-27.97333333333333,21.330606060606044,22.589191919191876,-110.97190476190474,78.0286868686869,25.47845454545454,-292.11875,-180.0840909090909,2.2619696969696967
38399733986,12,647,53.916666666666664,78.41449768160741,2113.9241666666667,0.08980915947982833,0.08688952041333325,2113.9241666666667,1394.55651148973,0.6597003494636854,0.042326207581387554,0.08402055098174023,0.13145382506359868,0.01946204216194668,0.15263040952703824,0.039559969565333634,0.09782056142093652,0.1272993124579902,0.011021550905581828,0.05913041009489678,0.056827789207464285,0.059804325921146435,0.0955088117066843,0.023134233404254582,25,M,General Santos,594446,Customer service manager,1945-04-16,South Cotabato,Region XII (SOCCSKSARGEN),Mindanao,0.8846153846153846,Highly Urbanized City,services_governance_and_other,76,Silent,0.354163817062701,-0.36825068954473983,-0.04996522326033126,-0.10116006811409106,0.4469729785266618,0.2318065815112199,0.024726880622002612,-0.24274815604258798,-0.4189498106383705,-0.5065834899401391,-0.292189285829712,8.337567897967155,-0.5397553961718823,-0.9656173733790522,22.126545454545457,-60.420363636363646,-11.467818181818188,-9.504999999999995,98.87245454545453,10.824015151515155,4.356999999999971,-62.740909090909156,-30.697499999999998,-84.37299999999999,-40.18080808080806,551.3008333333332,-222.60700000000006,-316.96819444444446
40452162789,2,11,5.5,620.7409090909091,3414.075,0.0,0.6458333333333333,3414.075,1565.5980531573232,0.45857166382030956,0.0,0.0,0.004870701730541463,0.0,0.041846151285770954,0.0,0.0,0.004666172524847964,0.0,0.0,0.0,0.9486169744588395,0.0,0.0,578,M,Tuguegarao,153502,Colour technologist,1968-10-28,Cagayan,Region II (Cagayan Valley),Luzon,0.4693877551020408,Component City,engineering_tech_and_built_env,53,Gen X,,,,,,,,,,,,,,,,,,,,,,,,,,,,
99645822249,12,1961,163.41666666666666,72.72698113207547,5942.400416666666,0.10458646346218463,0.0911672320410996,5942.400416666666,2622.903631614132,0.44138789844212906,0.06369719266460037,0.10400117901456375,0.10794954016391416,0.017275516851268654,0.15054001232824973,0.02892728929370915,0.09361338451927098,0.09552305429812374,0.017543483672166522,0.07420329126311433,0.04107681078939016,0.05082261440856679,0.11305339205598673,0.04177323867707489,25,M,Dumaguete City,131377,Drilling engineer,1941-05-16,Negros Oriental,Region VII (Central Visayas),Visayas,0.8666666666666667,Component City,engineering_tech_and_built_env,80,Silent,-0.2198961743707687,0.1769597981320709,-0.19652573449480393,0.33596082139101047,-0.12544543132985814,0.3532068066154527,-0.1967237324729318,-0.011566306648645726,2.0629136284795306,-0.07979300272574107,-0.172109463910222,0.22088626520991664,0.5682024515887725,8.415569377822289,-83.34083333333331,81.58333333333331,-112.9908333333334,39.531249999999986,-96.07583333333343,52.63075757575757,-102.12666666666661,-5.9501515151515605,111.36545454545453,-36.78749999999991,-38.059999999999974,69.5694545454545,278.5091666666667,870.8278181818181
124000000000,12,1950,162.5,65.75049743589743,5342.227916666667,0.09895016870383876,0.09927342896033525,5342.227916666667,1766.3272441522836,0.3306349470118452,0.04823241100957245,0.10665037564709144,0.11685954868643116,0.021738310977489083,0.1677429336607695,0.04130479611637431,0.10393669390925266,0.11599320474067676,0.026937252863032158,0.06589121105161863,0.06332043090312876,0.07878564256003215,0.035458996764477044,0.007148191110053884,24,M,Calapan,133893,Tourist information centre manager,1949-12-05,Oriental Mindoro,MIMAROPA (Region IV‑B),Luzon,0.2903225806451613,Component City,services_governance_and_other,72,Baby Boomer,0.09037435493746182,0.05296955570386474,-0.0066692600949193525,0.27059357665962597,0.0566187106211539,-0.28484609817361317,-0.25930140617084996,-0.21470294087806005,-0.03986432632714817,0.7551769376834109,-0.04094440337862912,0.677714561618334,0.12340104595659376,1.8759966479109305,20.66500000000002,26.588333333333424,-3.5716666666666015,34.26999999999998,46.18916666666655,-66.9075,-150.57999999999998,-135.7858333333333,-6.938545454545448,182.2808333333333,-11.678333333333342,226.91916666666674,20.724999999999994,39.17550000000001
138000000000,1,6,6.0,655.4250000000001,3932.55,0.0,0.8333333333333334,3932.55,,,0.0,0.0,0.0021741618034100013,0.0,0.07283060609528169,0.0,0.0,0.0,0.40729806359741133,0.0,0.0,0.5176971685038969,0.0,0.0,401,M,Marikina City,450741,Youth worker,1954-09-05,Metro Manila,NCR,Luzon,1.0,Highly Urbanized City,education_and_community,67,Baby Boomer,,,,,,,,,,,,,,,,,,,,,,,,,,,,
169000000000,1,9,9.0,312.73333333333335,2814.6,0.0,0.6666666666666666,2814.6,,,0.0,0.0,0.00767782278121225,0.0,0.42412065657642295,0.0,0.0,0.0,0.2271228593761103,0.0027534996091807006,0.0,0.3383251616570738,0.0,0.0,141,M,Iloilo,447992,Land/geomatics surveyor,1969-04-10,Iloilo,Region VI (Western Visayas),Visayas,0.5388888888888889,Highly Urbanized City,engineering_tech_and_built_env,52,Gen X,,,,,,,,,,,,,,,,,,,,,,,,,,,,
170000000000,12,1956,163.0,70.27571063394683,5727.470416666667,0.09774383385903224,0.100468101856513,5727.470416666667,2265.7262369539612,0.3955893391192044,0.06597859941942034,0.09922208044975867,0.10002449411635715,0.023633536024563803,0.13400105267006704,0.032615312529058874,0.09990819267953488,0.12992933884542218,0.01093480877699042,0.07845645250215054,0.056816674032454356,0.0540989993070369,0.06411481284320518,0.050265645803979665,24,M,Masbate,95389,Brewing technologist,1955-06-23,Masbate,Region V (Bicol Region),Visayas,0.3333333333333333,Component City,services_governance_and_other,66,Baby Boomer,-0.27188789154004017,-0.3479579001835811,0.2898534138646133,-0.3319005424967945,-0.4223528052635826,-0.4856074940289711,-0.41872255675780445,-0.033355541357888215,-0.09741925721300701,-0.3584424288630572,-0.15999206870888352,-0.5410851785059526,-0.4002446236652547,9.681911706452222,-109.29666666666662,-210.7041666666666,122.4149999999999,-72.43539682539685,-383.8708333333334,-104.36999999999998,-261.05083333333334,-22.362500000000068,-6.486742424242415,-186.6485,-49.08583333333331,-241.02999999999994,-191.97666666666663,762.8730303030303
201000000000,12,662,55.166666666666664,72.54732628398791,2001.0970833333333,0.11194660528462845,0.10361185415794594,2001.0970833333333,1749.2728312979682,0.8741569041638458,0.0513706531609698,0.07798770056859174,0.10885294786903038,0.015563198207641328,0.1436305520410992,0.05091486072386412,0.1009514661789655,0.14214485548827982,0.03514492637909452,0.038852983295869704,0.05359559887025119,0.09801984535003379,0.0644003602414407,0.018570051624868193,25,M,Dasmarinas,659019,"Physicist, medical",1965-03-26,Cavite,Region IV‑A (CALABARZON),Luzon,0.5733333333333334,Component City,professional_services_and_knowledge,56,Gen X,0.3138284172441284,-0.27764579518950555,-0.09171712682628738,0.13066984694891687,0.352432327204588,-0.5897072674528124,-0.5830716376488699,-0.23190012795474452,18.281711777615218,0.7433793480709208,0.7771815062197438,2.8469549113562675,-0.8074882653721062,-0.9300231639842053,25.588000000000008,-54.362121212121224,-16.50999999999999,10.956666666666678,90.10829545454541,-71.14818181818183,-125.10287878787877,-62.60881818181821,249.91100000000003,51.33777777777779,56.368111111111105,536.5115,-184.9464393939394,-107.62305555555554
207000000000,12,1965,163.75,70.58304834605597,5778.987083333333,0.10270877468645068,0.10586958348996994,5778.987083333333,2151.0946525462014,0.3722269355385797,0.06097638022136986,0.08665486714368008,0.10695616578884459,0.022961724071911518,0.13142106880735274,0.029990694174064452,0.08929878752810343,0.10048028881829046,0.037510861173637625,0.06956282148605832,0.05625162566114519,0.08012360383572728,0.1003221881364446,0.027488923153369895,25,M,Meycauayan,209083,"Research officer, political party",1968-03-25,Bulacan,Region III (Central Luzon),Luzon,0.7307692307692307,Component City,services_governance_and_other,53,Gen X,-0.005487878215150936,-0.26449067858405845,-0.07393070834008476,-0.006548230044337896,-0.1731586501769723,-0.22723795983010586,-0.12306384520516446,0.07179659100213653,0.03002779240911797,1.7001014591977306,0.22465430728695063,-0.694392593145673,0.08756737554092982,-0.9703415419255761,-1.8147727272727252,-140.85583333333324,-41.063333333333276,-1.3123214285714084,-128.38083333333327,-42.087500000000006,-58.873333333333335,38.727499999999964,7.0120000000000005,343.50833333333344,54.99500000000003,-558.0,46.42333333333329,-473.47233333333327
208000000000,12,657,54.75,73.43820395738204,2010.3708333333334,0.12019605369218705,0.0900561302868605,2010.3708333333334,1669.439501793072,0.8304137098054821,0.05704153347884996,0.07461817446577756,0.13257793942977705,0.03277255300870816,0.11908381288045257,0.03617126544120523,0.09535274895870118,0.11239539098701233,0.045578752996079504,0.07056304377156263,0.07028321297288088,0.055025763646910565,0.09151430445091675,0.007021503511165594,25,M,San Pedro,325809,"Programmer, applications",1929-12-14,Laguna,Region IV‑A (CALABARZON),Luzon,0.8148148148148148,Component City,professional_services_and_knowledge,92,Silent,-0.5038890817996924,0.3668530845397294,0.04264401263342262,0.3045288216429571,-0.10752521334367716,-0.6174709235153661,-0.23984931906244855,-0.0598683735840112,15.79858721246151,-0.5456191932067744,-0.36665433503416783,15.171501823295868,-0.3671839505332461,-0.4964070629685771,-67.71933333333331,50.15181818181816,8.322121212121203,29.62700000000001,-23.908499999999975,-80.16624999999998,-47.30208333333334,-11.61650000000003,872.2399999999999,-148.95622222222227,-52.52799999999998,738.7969696969695,-105.43136363636361,-9.616507936507935
213000000000,12,1298,108.16666666666667,82.74184129429892,4474.954583333333,0.11430294598618324,0.09732497611091494,4474.954583333333,3734.1729997894226,0.8344605359118277,0.04562423241116731,0.10513276755329581,0.10258143471507479,0.02105451913611867,0.12836310559908812,0.0381544547792196,0.07587169870568236,0.12709305333125864,0.016515742652988184,0.06372786451631703,0.052285626954740684,0.07587653798437051,0.07556155547540443,0.07215740618527386,24,M,Caloocan City,1583978,Learning mentor,1957-11-06,Metro Manila,NCR,Luzon,1.0,Highly Urbanized City,education_and_community,64,Baby Boomer,-0.5030432831904105,0.21803409994734896,-0.09967787938926728,-0.07843714969808424,-0.16562871067789095,-0.13315905837763,-0.11636169637846361,0.013799721364477774,-0.7072958327957684,-0.3143358483944553,-0.43339053727110455,-0.5435652819582213,-0.2935237554309313,166.48950795947906,-108.04363636363635,64.8775,-33.31666666666666,-9.650416666666672,-84.95999999999998,-16.51249999999999,-38.16954545454553,5.225000000000023,-87.71600000000001,-97.03416666666672,-103.08272727272725,-348.5248181818182,-92.16083333333333,1673.3709090909094
224000000000,1,6,6.0,517.6183333333333,3105.71,0.0,0.8333333333333334,3105.71,,,0.0,0.0,0.0,0.0,0.20487102788090322,0.007666523918846254,0.0,0.0,0.7874624482002506,0.0,0.0,0.0,0.0,0.0,111,M,Lipa City,332386,Quantity surveyor,1928-06-20,Batangas,Region IV‑A (CALABARZON),Luzon,0.625,Component City,engineering_tech_and_built_env,93,Silent,,,,,,,,,,,,,,,,,,,,,,,,,,,,
227000000000,12,1310,109.16666666666667,68.60448854961832,3744.661666666667,0.10234667595013665,0.10051667546760135,3744.661666666667,1484.523848009908,0.39643737676610075,0.048510656782930234,0.09575252141065764,0.09897039645104337,0.014327641359339885,0.15412010792806285,0.03219533699402886,0.08236751447952016,0.11464564032793695,0.05056574952269577,0.05877045187502685,0.05734290270094864,0.07219649831650105,0.0993056678357423,0.020928914015565486,25,M,Vigan,53879,"Geologist, engineering",1945-05-28,Ilocos Sur,Region I (Ilocos Region),Luzon,0.2051282051282051,Component City,engineering_tech_and_built_env,76,Silent,0.4864706733901125,-0.42488623573336204,-0.06799885062596313,-0.23388345722904544,-0.22991953457448674,0.08603536745685077,-0.16146809091879796,-0.26987201839009206,-0.6174296998759936,-0.2782968361713837,-0.0810633072218817,-0.7107772811263794,1.4347963919696058,0.24406874479600377,67.20916666666665,-162.32212121212117,-22.87583333333339,-34.7345,-137.46333333333342,10.143999999999991,-52.92681818181819,-139.31333333333333,-191.41555555555553,-69.52666666666664,-15.099999999999994,-331.0412878787879,329.1602272727272,17.05463636363639
229000000000,1,6,6.0,873.58,5241.4800000000005,0.0,1.0,5241.4800000000005,,,0.0,0.0,0.0,0.0,0.06039515556674833,0.0,0.0,0.0,0.1938994329845769,0.0,0.0,0.3880945839724658,0.35761082747620904,0.0,131,M,Legazpi City,196639,Osteopath,1926-10-25,Albay,Region V (Bicol Region),Luzon,0.4857142857142857,Component City,healthcare_and_therapy,95,Silent,,,,,,,,,,,,,,,,,,,,,,,,,,,,
231000000000,12,1300,108.33333333333333,71.11876153846154,3852.26625,0.08760758610118734,0.10515827796557614,3852.26625,1591.5636312043205,0.41314995587449865,0.06945581825895523,0.10522521887977748,0.10569161652655606,0.026985420794547955,0.1239490576977645,0.03933206752910043,0.09483467847915066,0.12194151758556238,0.025897568451705766,0.04903024042836185,0.0443412335752101,0.07509165476992541,0.11309889770744475,0.00512500931593739,24,M,Valenzuela,620422,Operational investment banker,1963-12-06,Metro Manila,NCR,Luzon,1.0,Highly Urbanized City,professional_services_and_knowledge,58,Baby Boomer,0.5267615191684284,-0.12416847185938447,-0.06522816647997616,-0.19058654143814224,-0.025341728218433605,-0.3563704543472575,-0.057002910312967614,-0.14991270267512877,0.493256858374623,-0.6714530901728966,0.03699538663205355,-0.39483236909363534,1.9015486617169644,-0.5890197895294195,95.73583333333337,-43.133333333333326,-24.894166666666706,-31.0759523809524,-11.159166666666692,-54.48666666666669,-19.619166666666672,-64.89833333333331,52.64171717171716,-172.4621666666667,5.67234848484847,-154.0392424242424,484.69999999999993,-16.18090909090909
233000000000,12,2626,218.83333333333334,72.10050266565119,7888.996666666667,0.09967674129218813,0.10170877413283953,7888.996666666667,3304.840250009683,0.41891768873139545,0.05125367535278907,0.08491399799454978,0.10788192012850356,0.02391800247019971,0.14873818883632764,0.03748774810551403,0.08642196030582261,0.0981660622972338,0.04521555770889874,0.05034929958322252,0.050003662038183454,0.07060164653043458,0.09916240779893896,0.04588587084938156,25,M,Balanga,96061,Manufacturing systems engineer,1950-05-14,Bataan,Region III (Central Luzon),Luzon,0.4,Component City,engineering_tech_and_built_env,71,Baby Boomer,-0.11525482993082625,0.08877595710941642,-0.1882572172383326,-0.3802095100980644,-0.37549403874108805,-0.4750065057031184,0.128758607454732,-6.505671379273088e-05,-0.5725606168052265,-0.2326148513658818,-0.09101347966613071,-0.7742567453964634,-0.2936682901377157,3.1375899962106866,-45.59749999999991,48.9858333333334,-159.4516666666666,-96.48044444444443,-496.16999999999996,-153.63333333333335,71.00833333333333,-0.04500000000007276,-344.9781818181818,-95.23659090909092,-33.15750000000003,-794.37,-283.2925,414.00500000000005
236000000000,1,9,9.0,813.0577777777778,7317.52,0.0,0.8888888888888888,7317.52,,,0.0,0.0,0.0,0.0,0.0,0.0,0.0,0.002566443275863954,0.4470530999573626,0.0,0.0,0.27357766019088436,0.27680279657588913,0.0,146,M,Pagadian,199060,Land/geomatics surveyor,1961-09-14,Zamboanga del Sur,Region IX (Zamboanga Peninsula),Mindanao,0.3518518518518518,Component City,engineering_tech_and_built_env,60,Baby Boomer,,,,,,,,,,,,,,,,,,,,,,,,,,,,
257000000000,12,1947,162.25,65.58617360041089,5320.678333333333,0.08596628954133322,0.09469253417981939,5320.678333333333,1899.251637499604,0.35695667328751074,0.07973796369980467,0.11190932075976408,0.10235584041173403,0.035888708938937974,0.13108194596892153,0.029281323608315087,0.09741086665384124,0.11115484651943654,0.03094275798247188,0.04375217613288184,0.06997387007278995,0.054450682641534694,0.08543536499427477,0.016624331615291706,24,M,Laoag,111125,Dance movement psychotherapist,1954-01-11,Ilocos Norte,Region I (Ilocos Region),Luzon,0.3625,Component City,healthcare_and_therapy,68,Baby Boomer,0.08499308565435673,-0.20256029752970411,-0.1310258340402031,-0.12478539826723532,-0.2634483101520584,-0.508950411157592,-0.2069349659711106,-0.233324702440798,0.5750780120996812,-0.511842047858997,-0.22661236554613237,-0.03799553185591042,0.21438429999954922,17.401820923867508,30.525833333333253,-119.09583333333336,-68.60916666666657,-33.03097222222223,-203.11250000000018,-103.51500000000001,-110.52500000000003,-141.1758333333333,82.88081818181817,-156.42916666666667,-90.53431818181815,-10.590909090909065,79.21750000000009,283.22254545454547
289000000000,12,1321,110.08333333333333,65.79208932626798,3621.30625,0.08516039630990584,0.0981333651334859,3621.30625,2187.721543557634,0.6041249738426939,0.053369777970314204,0.09979674570621248,0.12013687912300385,0.0280890339735875,0.1464882493657842,0.02771548777634909,0.10746769399727217,0.1265344719881204,0.020049563859727063,0.05892039054955364,0.060333868850697296,0.048879851612944746,0.09794056270819673,0.004277422518236657,25,M,Pagadian,199060,General practice doctor,1949-12-06,Zamboanga del Sur,Region IX (Zamboanga Peninsula),Mindanao,0.3518518518518518,Component City,healthcare_and_therapy,72,Baby Boomer,-0.1465129387650526,0.05950539286216552,-0.044898129708802775,-0.40940435144453685,-0.18661810862968778,0.5289347105461009,-0.29327414123676243,-0.1477528327142461,-0.8067686110301329,-0.3821878741797311,-0.11356694840479253,-0.5304062952386431,-0.15438559703426452,1.7340598703269419,-23.826666666666682,18.33499999999998,-16.120000000000005,-68.86999999999999,-101.37500000000006,41.27383333333334,-109.11166666666668,-67.0575,-152.209,-103.88121212121212,-23.70416666666665,-185.30686868686865,-65.0358333333333,15.712750000000002
293000000000,1,8,8.0,454.05375000000004,3632.4300000000003,0.0,0.875,3632.4300000000003,,,0.0,0.0,0.0024859391646914046,0.0,0.32670691520552353,0.0,0.0,0.0,0.36056579204554523,0.0,0.0,0.0,0.31024135358423977,0.0,685,M,Calapan,133893,Secondary school teacher,1969-11-25,Oriental Mindoro,MIMAROPA (Region IV‑B),Luzon,0.2903225806451613,Component City,education_and_community,52,Gen X,,,,,,,,,,,,,,,,,,,,,,,,,,,,
298000000000,12,1280,106.66666666666667,79.297046875,4229.175833333334,0.11251897907465697,0.09943235283152407,4229.175833333334,4706.610560769513,1.1128907253449134,0.045621996147055414,0.10560085796554629,0.11739084082227152,0.027883232047755613,0.13013754223762372,0.04313448011783771,0.05988543445670613,0.17269757599484614,0.04566119182958398,0.05834870932003777,0.06162446605713215,0.03385710053720599,0.043844136308643485,0.05431243615775414,26,M,Olongapo,233040,Insurance broker,1955-06-29,Zambales,Region III (Central Luzon),Luzon,0.8823529411764706,Highly Urbanized City,professional_services_and_knowledge,66,Baby Boomer,-0.172021622051708,-0.18697155517006053,-0.3517827045248283,-0.10793703968773632,0.0630067295617733,0.4235320690975873,0.2605694167879734,0.013956079299974555,6.930566887044594,-0.11044263909925749,-0.12539501052058594,0.1904486745747082,0.20146077001900475,-0.9673655486932706,-28.826666666666682,-67.41242424242427,-158.27583333333337,-17.72083333333333,24.459999999999923,52.275151515151535,47.693106060606056,7.015000000000043,547.4377777777779,-17.37833333333333,-26.736515151515135,28.914090909090902,37.19083333333339,-2232.158383838384
319000000000,12,660,55.0,66.20445454545455,1820.6225000000002,0.10629289536310725,0.08240162274425092,1820.6225000000002,959.3132034916846,0.5269149444718411,0.07480616966665588,0.10057246553054446,0.10652566844697124,0.014709524645365358,0.17531185475839772,0.0321233616086985,0.06673466319425744,0.16133121644680234,0.012902307571033894,0.06431149242643847,0.053553180688614845,0.06386724617940677,0.039307159211873464,0.033943689624939634,24,M,General Santos,594446,Contracting civil engineer,1960-06-26,South Cotabato,Region XII (SOCCSKSARGEN),Mindanao,0.8846153846153846,Highly Urbanized City,engineering_tech_and_built_env,61,Baby Boomer,-0.4234866134928697,0.10214626663757961,-0.350298543568162,0.3063092112334361,-0.5205272863126289,0.3032094737375958,0.8592631686592199,0.1539230423232624,1.2081645270984849,0.8913507773442626,-0.3031099770033178,3.525041677602032,-0.2889418615562668,-0.8959918207810069,-78.69069444444445,20.680277777777775,-76.02383333333333,33.24833333333332,-207.09272727272725,17.935750000000006,66.45627272727272,36.398181818181854,20.626388888888886,67.91363636363636,-28.148560606060613,272.46457142857145,-40.30854545454544,-330.0953333333334
332000000000,12,1321,110.08333333333333,72.34928841786525,3982.2254166666667,0.09412885693281699,0.0981101537457932,3982.2254166666667,2297.956504988119,0.5770533469478054,0.04508724097643979,0.08910793843817522,0.10998236748043104,0.02031927286603157,0.13967578942339756,0.03455889023963849,0.10424031219374519,0.12906301109937773,0.04033717847575659,0.06367182935406017,0.06262715384302743,0.06462578245767149,0.07062079541779162,0.026082437734456083,25,M,City of Isabela,112788,"Secretary, company",1964-01-24,Basilan,BARMM,Mindanao,0.3555555555555555,Component City,professional_services_and_knowledge,57,Baby Boomer,-0.0022858316266150262,0.1547099409654781,0.13162875942673455,-0.23321720802539989,-0.31757139575836457,1.1710223926274093,-0.026389458477418193,0.15053055299817886,-0.9162177150071383,0.9034114509323833,-0.30026612432116656,-0.10138154719818633,-0.34818203635927286,-0.9809938489183773,-0.35249999999999204,47.71999999999997,43.81000000000006,-33.08952380952381,-172.825,84.5,-9.476742424242445,56.0,-554.6585714285713,137.7491666666667,-69.38999999999999,-37.639166666666654,-96.7191666666667,-425.82
341000000000,2,11,5.5,536.8254545454546,2952.54,0.0,0.8333333333333333,2952.54,1428.4405508105685,0.4838005753725838,0.0,0.0,0.0011192146570433552,0.0,0.11144829152576591,0.0,0.0,0.0,0.11036945439862716,0.0,0.002350729319133902,0.7734050875687679,0.0,0.0013072225306616865,333,M,Talisay,227645,Community development worker,1961-04-12,Cebu,Region VII (Central Visayas),Visayas,0.3703703703703703,Component City,education_and_community,60,Baby Boomer,,,,,,,,,,,,,,,,,,,,,,,,,,,,
369000000000,1,7,7.0,660.2771428571428,4621.94,0.0,0.8571428571428571,4621.94,,,0.0,0.0,0.0,0.0034591621203393084,0.17360758135384544,0.0,0.0,0.0,0.2546112748918482,0.0,0.0,0.568321981633967,0.0,0.0,292,M,Surigao,154137,Software engineer,1963-09-19,Surigao del Norte,Region XIII (Caraga),Mindanao,0.1481481481481481,Component City,professional_services_and_knowledge,58,Baby Boomer,,,,,,,,,,,,,,,,,,,,,,,,,,,,
378000000000,12,669,55.75,67.93334828101645,1893.6420833333332,0.11002549406218831,0.08071433683096015,1893.6420833333332,1779.8223200645107,0.9398937295117205,0.08667640842380013,0.09654602648469018,0.11649188493258798,0.06218191202770205,0.15975434493139015,0.06164420624912514,0.11122378679714272,0.14428040055709343,0.022265552068495814,0.013761288355052173,0.03053976036889587,0.03416803618598988,0.056853314385511396,0.003613078232523145,24,M,City of Isabela,112788,Sport and exercise psychologist,1967-03-04,Basilan,BARMM,Mindanao,0.3555555555555555,Component City,healthcare_and_therapy,54,Gen X,-0.27801579263790305,-0.37489878208669697,-0.4766373391440201,-0.08691441604518145,0.18695150974267447,-0.0030023229937337944,-0.032106101709512204,0.052107510297741085,0.2565702213980063,-0.2427787729511868,-0.6404979194250048,-0.9691724638009561,-0.9325963110965741,-0.4216194111232279,-57.41883333333331,-101.03355555555555,-126.47181818181821,-12.00375000000001,45.70454545454547,-0.38450000000000273,-4.51878787878789,12.592727272727274,20.35738095238095,-7.830694444444447,-60.20111111111111,-611.0078571428571,-273.2468333333333,-5.155
383000000000,10,22,2.2,285.19,482.62923076923073,0.0,0.05982905982905983,482.62923076923073,1524.0820827165746,3.1578735508569205,0.08333333333333333,0.16666666666666666,0.08333333333333333,0.00016001277700523328,0.09182782024771059,0.16666666666666666,0.08333333333333333,0.16666666666666666,0.012609036849171295,0.08333333333333333,0.0,0.06190513073614284,0.0,0.00016466605663671759,88,M,Mandaluyong City,386276,Air traffic controller,1958-02-23,Metro Manila,NCR,Luzon,1.0,Highly Urbanized City,services_governance_and_other,63,Baby Boomer,,,,,,-0.44300303615788017,,1.477404403244496,,,,,,,,,,,,-16.049999999999997,,38.25,,,,,,
404000000000,12,1949,162.41666666666666,66.03889687018984,5362.90875,0.09845067922446037,0.0915285225535239,5362.90875,2439.324055295205,0.4548509342612263,0.05726586124877727,0.10724781647505714,0.11194509676824331,0.025868959275461567,0.14823334567475857,0.03252703088878301,0.0866873201116624,0.12117904441766288,0.025124365846208946,0.07402039929961161,0.06625307535926449,0.04843592561802395,0.07414703179724046,0.02106472721924441,24,F,Angeles City,411634,Psychotherapist,1962-06-18,Pampanga,Region III (Central Luzon),Luzon,0.9393939393939394,Highly Urbanized City,healthcare_and_therapy,59,Baby Boomer,-0.4364199377379518,-0.02505368061790354,-0.3151880154865707,0.4029715286680799,-0.021367224048173074,-0.3497259916492694,-0.13006316033598228,0.006158751125086088,0.41894049224069374,-0.6100472380439478,-0.31812695936299534,0.24113617908659987,0.43276429187502974,0.05426930657092857,-180.04613636363635,-12.766666666666652,-183.7816666666667,63.492999999999995,-14.844166666666638,-67.00750000000001,-57.95083333333332,3.512499999999932,67.51454545454547,-309.6208333333334,-108.07249999999996,74.48716666666661,159.30666666666667,4.163787878787872
420000000000,12,1307,108.91666666666667,72.44286916602907,3945.1179166666666,0.0872865296013468,0.11589618129168805,3945.1179166666666,1461.6440760321298,0.3704943950742824,0.08145350996713678,0.11344094121938852,0.10746672244167055,0.0214410008065074,0.1585001690034528,0.046037084569231106,0.08719570985455745,0.11982041369808867,0.017889031116380658,0.051001972682104574,0.05795880172575735,0.04770744376411928,0.07692443693376484,0.01316276221784,24,M,Palayan City,41041,Emergency planning/management officer,1960-09-19,Nueva Ecija,Region III (Central Luzon),Luzon,0.0526315789473684,Component City,services_governance_and_other,61,Baby Boomer,-0.15550880716422835,0.2870141362800937,0.05737811353655073,0.13920362008601633,-0.1710536854390261,0.08087552012121871,-0.28807352993090535,0.3239339969752375,5.993678193286776,-0.44654364979850353,-0.27573862261999377,1.8052721023632246,-0.17818591806449727,-0.8797608813003579,-52.65287878787882,94.86750000000006,22.495454545454493,17.842250000000035,-99.66500000000002,11.386666666666684,-108.80484848484855,119.58833333333331,118.2486111111111,-139.21363636363637,-72.54181818181817,215.35090909090906,-80.08598484848477,-80.00545454545454
432000000000,12,1311,109.25,67.91697177726925,3709.964583333333,0.09763129737256955,0.10192790838379158,3709.964583333333,1601.0305930161774,0.4315487539176672,0.05826096440842372,0.11698418174504734,0.09775699142671095,0.023391921892639268,0.12446862486262215,0.042862205156963755,0.0978087887394045,0.1591305464923726,0.03602640642529998,0.048879634213656716,0.045924498892214956,0.05451702403554264,0.09127662456652032,0.002711587142581141,25,M,Cabanatuan City,302231,Engineering geologist,1949-10-25,Nueva Ecija,Region III (Central Luzon),Luzon,0.5056179775280899,Component City,engineering_tech_and_built_env,72,Baby Boomer,0.08473945775275672,-0.5273225099161436,0.18366101756654624,0.36871832911799657,-0.09376425855513307,0.40079206491746106,-0.01737384831939944,-0.1891016056397244,-0.5868600283854889,0.5949113660062562,-0.4907156932998926,-0.45598072620391894,0.004857707532879405,-0.2789571945492339,16.98136363636368,-284.39250000000004,50.420000000000016,51.57124999999999,-42.1275,53.517363636363655,-5.430833333333339,-106.44749999999999,-188.36902777777783,90.76454545454541,-91.30583333333337,-133.28810606060605,2.087166666666576,-4.0259722222222205
434000000000,12,1945,162.08333333333334,75.10146015424165,6086.3475,0.09751182170220125,0.09502870711801797,6086.3475,3708.149953991765,0.6092570222110658,0.06077362447500336,0.09526060498761656,0.12352316884870829,0.018143724582124297,0.14259382516781896,0.028793318225931022,0.09474191987896197,0.12378774194771541,0.028388069386867984,0.04415435112059712,0.05643478921911487,0.07095040687907983,0.05574049555173565,0.05671395972872468,24,M,City of Calamba,454486,Management consultant,1958-05-29,Laguna,Region IV‑A (CALABARZON),Luzon,0.7222222222222222,Component City,professional_services_and_knowledge,63,Baby Boomer,-0.05609822604143139,-0.038528773473744914,-0.1647419297140503,0.2902038720347856,-0.22006523091933072,-0.44004134424345737,-0.3091246276384575,0.018570134532157015,-0.8461392697907208,-0.1788386535210325,-0.31313688837218995,-0.5218764248592581,-0.6790239041826469,3.2005315543911563,-18.00150000000002,-18.25666666666666,-105.92000000000007,34.53587301587301,-175.93500000000006,-91.21030303030304,-185.57833333333338,11.531666666666752,-255.51361111111112,-44.51666666666668,-117.24810606060606,-317.10037878787887,-338.45833333333337,1043.5626515151516
439000000000,12,1985,165.41666666666666,66.64177833753148,5511.830416666667,0.09878435376145271,0.09950572705036319,5511.830416666667,2313.4705297010964,0.4197281764521686,0.0649065934282085,0.09249607670661014,0.12543640661537622,0.019125868829429446,0.13053734089182215,0.04521468492485123,0.08724424781911687,0.13524505479829008,0.02553350126205371,0.04884970883694845,0.06552720430252086,0.06299095884428943,0.07139492591161051,0.025497426828872474,24,M,Malaybalay,174625,Tourist information centre manager,1966-01-11,Bukidnon,Region X (Northern Mindanao),Mindanao,0.391304347826087,Component City,services_governance_and_other,56,Gen X,-0.2075744075027254,0.14835202407002196,-0.3135075424159251,0.01169701596425466,-0.03576042969421917,-0.20274983416195363,0.2524800961132465,-0.12247547499197015,-0.3270961542513547,-0.4953828174662502,0.01120504186894659,-0.5400010512223047,0.43654730138798564,1.0847057313306874,-69.49833333333333,61.469166666666695,-208.8341666666667,1.4884285714285994,-23.04166666666663,-49.412499999999994,96.67000000000002,-83.25250000000005,-79.46773809523808,-164.41962121212123,3.5024999999999977,-300.43007575757576,162.23916666666662,120.34719696969697
460000000000,2,7,3.5,236.14857142857142,826.52,0.0,0.5833333333333333,826.52,335.4231727236508,0.40582583933074917,0.0,0.0,0.02269435029999169,0.0,0.9647984033231967,0.0,0.0,0.0,0.0,0.0,0.0,0.0,0.0,0.012507246376811595,547,M,San Juan,122180,Claims inspector/assessor,1945-10-23,Metro Manila,NCR,Luzon,1.0,Highly Urbanized City,professional_services_and_knowledge,76,Silent,,,,,,,,,,,,,,,,,,,,,,,,,,,,
470000000000,1,8,8.0,599.3475000000001,4794.780000000001,0.0,0.875,4794.780000000001,,,0.0,0.0,0.0,0.0,0.18481557026599763,0.0,0.0,0.0,0.0,0.0016559675313570176,0.0,0.3893630156128123,0.42416544658983313,0.0,704,M,Marikina City,450741,Oncologist,1953-09-23,Metro Manila,NCR,Luzon,1.0,Highly Urbanized City,healthcare_and_therapy,68,Baby Boomer,,,,,,,,,,,,,,,,,,,,,,,,,,,,
471000000000,12,1323,110.25,65.33475434618292,3601.5783333333334,0.10645674890279422,0.10374744843176816,3601.5783333333334,1658.457818335185,0.4604808405764283,0.04614958657842677,0.08063637913812437,0.10682746440599772,0.03393052529567132,0.16009304575529384,0.0460940985775783,0.07746757791565366,0.13787321271598604,0.03610408285650445,0.0678923881299606,0.056781035547444354,0.06388638858522594,0.07876344717787363,0.007500767320259015,24,M,Puerto Princesa,255116,Web designer,1952-03-05,Palawan,MIMAROPA (Region IV‑B),Luzon,0.4090909090909091,Highly Urbanized City,creative_media_and_design,69,Baby Boomer,0.3074645982004345,-0.10927071436587746,-0.35186631818200703,-0.15247851607316004,-0.18517300783789054,0.0767217560521733,0.002468543185360595,0.020925311575361063,2.2998033255855534,-0.568136574772275,-0.09986883027958124,-0.019474741017544407,3.915377094972068,-0.5047610115977368,46.9203787878788,-33.10400000000004,-141.13416666666666,-20.599999999999994,-101.84499999999991,12.293545454545466,0.6147727272727082,9.724166666666747,192.942,-179.79818181818186,-20.176333333333332,-4.468106060606061,467.23500000000007,-14.678909090909091
473000000000,12,646,53.833333333333336,66.53482972136223,1790.8958333333333,0.13710762140606694,0.09649071787600305,1790.8958333333333,1432.4528908254044,0.7998527129069416,0.048898432759261534,0.09489192377083916,0.14650398115368413,0.02480467422275333,0.17225944646878855,0.02333637774240704,0.11073283736817226,0.13898379055782598,0.02132753924621877,0.04608169947658059,0.04734210452130075,0.06255481890598723,0.05724381254163701,0.005038561264543663,25,M,Muntinlupa City,504509,IT sales professional,1954-08-31,Metro Manila,NCR,Luzon,1.0,Highly Urbanized City,professional_services_and_knowledge,67,Baby Boomer,0.09007873156221437,-0.12428514121673287,0.029247216789528994,-0.12166611002433322,-0.0008406953548017809,0.8399166579122458,0.07446594063192948,-0.21575846833578788,2.13786179487713,3.368694233802148,0.2928240740740741,1.3669659953780124,0.8944063549936807,0.11789276807980038,6.00145454545455,-22.031888888888886,6.220999999999975,-12.75,-0.1966666666666299,31.98066666666667,13.097272727272752,-56.841999999999985,205.48699999999997,103.95116666666667,23.402500000000003,147.87642857142856,112.84277777777773,1.0505555555555546
488000000000,12,1972,164.33333333333334,78.92706389452333,6485.173749999999,0.10366892965034018,0.0951011628276015,6485.173749999999,3112.46248581103,0.4799350959272341,0.05774932157654347,0.1066224142285067,0.10583248079656167,0.024595813890573925,0.12710285995430554,0.029340725032958564,0.07401680539165482,0.10781006373241037,0.015585281744004942,0.07103868084644163,0.0540166501892067,0.06146610091035476,0.0910205803692864,0.07380222133719051,24,M,Pagadian,199060,"Designer, furniture",1949-10-24,Zamboanga del Sur,Region IX (Zamboanga Peninsula),Mindanao,0.3518518518518518,Component City,creative_media_and_design,72,Baby Boomer,-0.35955681089541025,0.20879595509469545,-0.015781671081588865,0.0637580196602143,0.0029156885770181993,-0.2701003129608628,-0.3314082706779922,-0.06202029209600895,3.312184253438989,-0.49095028863477597,0.06784597098048047,-0.26839284260509183,-0.15949075886172012,3.889011521061207,-130.37500000000003,101.51833333333337,-9.154999999999973,10.291111111111121,2.125,-46.24499999999999,-159.67333333333335,-37.90416666666658,221.78686868686873,-267.04750000000007,18.598333333333358,-118.13333333333333,-105.26416666666671,1245.0216666666665
510000000000,12,655,54.583333333333336,64.89618320610687,1771.125,0.10094981484518263,0.11687232814589694,1771.125,774.8773601758174,0.43750574362386474,0.055927655109204076,0.07181771456903974,0.10012638999458671,0.030149671276135628,0.16740165809190874,0.03203825124983615,0.13056327359625533,0.13051582401324321,0.019431142935847388,0.04691766819674078,0.060722756121115044,0.030018405533851142,0.07661233412854555,0.04775725518369058,25,M,Cebu City,922611,Medical physicist,1947-12-01,Cebu,Region VII (Central Visayas),Visayas,0.725,Highly Urbanized City,professional_services_and_knowledge,74,Baby Boomer,0.24741772760028824,0.3796031092241724,-0.26376745068787605,-0.18309405016461328,0.1618083947745067,-0.5312402444794799,-0.14827102994799898,0.30032983378963946,-0.3053184174540511,0.9812258682181145,-0.41431536572789895,-0.115245105883608,21.711175261767295,1.8679210960654513,26.322222222222223,51.347285714285704,-49.800833333333344,-21.578000000000003,51.59363636363639,-42.94841269841271,-36.26345454545455,63.32454545454547,-22.582571428571434,56.52515151515152,-57.30282828282826,-9.25928571428571,403.3936363636364,105.25174999999999
524000000000,1,10,10.0,526.366,5263.66,0.0,0.7,5263.66,,,0.0,0.0,0.0037692404144644594,0.0,0.11296322330849634,0.0,0.0,0.0,0.140246520481946,0.0,0.0037825391457654936,0.3562407146358237,0.3829977620135039,0.0,505,M,Mati,141141,"Development worker, community",1958-04-11,Davao Oriental,Region XI (Davao Region),Mindanao,0.2692307692307692,Component City,education_and_community,63,Baby Boomer,,,,,,,,,,,,,,,,,,,,,,,,,,,,
531000000000,12,654,54.5,68.10821100917431,1855.9487499999998,0.11941285804566087,0.10601577088062318,1855.9487499999998,1273.0389210598207,0.6859235315952668,0.052235837891990274,0.13946320667652243,0.10858517065693514,0.024136146241169724,0.1464648386203345,0.02152327213376939,0.11848575953973668,0.13179601309491884,0.039214569942506106,0.04746682935736851,0.03718954133647737,0.03744356246594502,0.0712233195027671,0.024771932539558925,25,M,Masbate,95389,Wellsite geologist,1967-11-20,Masbate,Region V (Bicol Region),Visayas,0.3333333333333333,Component City,engineering_tech_and_built_env,54,Gen X,0.30856938004875495,-0.0738454626326525,-0.26905350367250325,-0.1101122924381796,-0.5476998127144255,-0.18094008670467793,0.2536236542655517,0.3528781904578083,1.8769075819263727,1.5857135328836423,-0.19757895289056757,-0.8835047312969877,-0.7337691862747395,-0.9090290361642377,29.343545454545463,-15.564469696969695,-63.238090909090914,-9.217500000000015,-198.27500000000003,-9.500158730158724,46.623636363636365,69.80636363636364,131.84525,75.22625,-15.064999999999998,-226.5244285714286,-211.13780303030302,-151.21178571428575
540000000000,12,1307,108.91666666666667,67.38090283091049,3669.4516666666664,0.08967598080493956,0.11193420640103265,3669.4516666666664,1509.2294158787201,0.4112956247900945,0.06796272570695387,0.0858518495250027,0.09752415532487548,0.017991402967322302,0.1322004009114733,0.0577367643589691,0.10328169822434952,0.1137724848192783,0.04948328797713014,0.05795423218724063,0.06342883198807399,0.06965006117854243,0.07995582013063889,0.003206284700149342,24,M,City of Paranaque,665822,"Engineer, water",1961-07-31,Metro Manila,NCR,Luzon,1.0,Highly Urbanized City,engineering_tech_and_built_env,60,Baby Boomer,-0.14357023711163414,-0.14889341780231555,-0.23185804291065967,-0.16919814094128838,-0.12129764002163446,0.4582443809461253,-0.063279874639686,-0.35485604400244125,-0.3953333833657664,-0.5762862014179947,-0.3400532582963127,-0.6378588605528009,0.5456119575035898,-0.1971026952023288,-38.373333333333306,-49.3751666666667,-81.69750000000005,-24.172999999999988,-56.6275,76.10272727272732,-21.80666666666673,-168.0927272727273,-124.66877777777779,-198.40899999999996,-88.21916666666667,-286.4666666666666,102.4086363636363,-2.640101010101011
555000000000,12,1307,108.91666666666667,70.65913542463657,3847.97875,0.11583060266068962,0.10006701823660885,3847.97875,2083.743254891798,0.5415163103205282,0.0606227850042565,0.124232790327255,0.10409527581931095,0.02739912286621751,0.15273076333878038,0.038591656083844905,0.09326620801973327,0.11812305965022944,0.06174160850527196,0.06487112224190471,0.047745517203878735,0.038329777508937145,0.03852274953783278,0.029727563892546632,25,M,San Fernando,121812,Personnel officer,1934-11-20,Pampanga,Region III (Central Luzon),Luzon,0.3050847457627119,Component City,services_governance_and_other,87,Silent,-0.5268164178749137,-0.032162462319530426,-0.03780561485479531,0.23781441723320043,0.19506469047895458,-0.32561109191126947,-0.05853169367182162,0.38452257842123433,-0.717155039753783,-0.5617866961159801,-0.06675490201187015,-0.8760298083975802,-0.3559745591987875,9.691919774741507,-167.63537878787878,-12.670000000000016,-13.510151515151563,27.489166666666662,88.21166666666664,-61.764444444444464,-18.483333333333405,111.55000000000007,-436.20525000000004,-199.2423333333333,-10.675833333333344,-317.4958333333334,-61.845833333333346,381.7559090909091
563000000000,12,1943,161.91666666666666,67.35288214101904,5452.777083333333,0.09001626270198677,0.09493756265880836,5452.777083333333,2195.0263538429413,0.40255200612402464,0.06785413701234559,0.12525308987862524,0.1065623651233883,0.01848457089060348,0.15076681613005594,0.025040202351404205,0.08940324163051167,0.12548989974075,0.02417892107463886,0.05502570462690723,0.06053710946063112,0.08221169506607973,0.03677897400749187,0.03241327300656672,25,M,Tacloban,242089,Aid worker,1949-05-20,Leyte,Region VIII (Eastern Visayas),Visayas,0.3043478260869565,Highly Urbanized City,education_and_community,72,Baby Boomer,-0.3329260007866216,-0.03397716431140866,-0.08440682105436771,-0.23114836067525424,-0.21949877528095743,-0.5180941500621618,-0.16069433247054488,-0.17769708226377887,0.4627808199680884,-0.12516903530181098,-0.3099719608006442,0.08264933899201814,-0.06246660590250495,3.3256695600066184,-131.90833333333336,-19.26083333333338,-44.354166666666686,-41.6057142857143,-175.86333333333346,-89.94416666666665,-75.74166666666662,-118.95249999999999,61.77800000000002,-44.660833333333244,-111.65500000000006,42.048333333333346,-13.25,225.3564393939394
564000000000,12,664,55.333333333333336,66.19405120481927,1831.3687499999999,0.08618382008076925,0.10605717479343128,1831.3687499999999,1285.2279901731274,0.7017854761216863,0.07093663873178671,0.1086396863890912,0.12085336599511076,0.028571917781226114,0.1523049199638408,0.02730676130498721,0.09525351956072176,0.15781928569985415,0.02201777063228873,0.0656344798592454,0.04495956636334994,0.04955115925134491,0.02483000787430381,0.0313209205928485,25,M,Antipolo,776386,Seismic interpreter,1959-05-19,Rizal,Region IV‑A (CALABARZON),Luzon,1.0,Component City,engineering_tech_and_built_env,62,Baby Boomer,-0.32188489109555046,-0.27641617541082375,0.32805385975922857,-0.17707288387699338,-0.031354672811367765,-0.2750041352488612,-0.3432048916579761,-0.02287907433748231,14.739172932330826,1.345410732528093,-0.23018519088441824,2.536662837061567,1.162849047217356,-0.70867851586441,-45.187166666666656,-58.49449999999999,57.49799999999999,-25.595000000000013,-7.8241666666666845,-18.934722222222213,-64.17416666666665,-5.375,326.7183333333333,113.07565656565656,-20.398383838383822,281.51250000000005,29.32472727272728,-83.5098888888889
581000000000,12,2006,167.16666666666666,71.81676470588235,6002.684583333333,0.09208014089331595,0.10864804293488256,6002.684583333333,2776.7941860103147,0.4625920531823682,0.06813635970090452,0.10916239675422934,0.10154804315776468,0.017904504394765663,0.13374707857030033,0.03373938210381172,0.08174328053680371,0.11390706024378601,0.03771083607796675,0.05788736099207246,0.07253932213410086,0.051520276589235116,0.08733040618349652,0.03312369256076226,25,M,Malaybalay,174625,English as a foreign language teacher,1948-12-31,Bukidnon,Region X (Northern Mindanao),Mindanao,0.391304347826087,Component City,education_and_community,73,Baby Boomer,-0.1394296101126885,-0.10509191524845551,-0.13494658521800523,-0.21478079797716879,-0.32902167936724647,-0.0037148970693589977,-0.12169214108451334,-0.2740938324293886,0.08554488130431935,-0.6843289876216252,-0.24666611174877984,0.43282871960948727,-0.40632741464494804,-0.9154803249185272,-53.18333333333334,-57.76333333333338,-74.39166666666671,-41.25785714285715,-280.75666666666666,-0.6525000000000034,-57.104848484848446,-192.67083333333335,21.872020202020252,-342.8083333333333,-93.84083333333331,137.21499999999997,-244.6666666666668,-427.7581818181818
585000000000,12,662,55.166666666666664,81.00471299093655,2234.3799999999997,0.0993407184201555,0.12692445368103542,2234.3799999999997,1695.0291713406145,0.7586127567113091,0.059653230777359734,0.12046273647663848,0.10935486926169341,0.028431676818492197,0.12966787934500223,0.022204770148590278,0.09259239586760126,0.16392389167157476,0.029346502920498105,0.041369042714707115,0.05567933787789222,0.06672344569232232,0.02636806978461198,0.054222150643015915,25,M,Dasmarinas,659019,Office manager,1926-02-21,Cavite,Region IV‑A (CALABARZON),Luzon,0.5733333333333334,Component City,services_governance_and_other,95,Silent,1.018343754705663,0.3743624347005589,0.2854978728361513,-0.02224001038444062,-0.32949299936677684,-0.6629696209114857,0.08415054767201507,-0.19099359832262663,0.004997892454988936,0.7783389364303176,-0.43197620345615834,-0.08177091597447991,-0.825225886995008,-0.990220768855241,75.00509090909091,75.82305555555561,48.27174242424243,-2.0559999999999974,-106.43372727272725,-58.638999999999996,15.424888888888887,-57.08416666666665,0.41500000000000625,46.3040909090909,-65.07171717171717,-24.622222222222263,-148.4278787878788,-851.9133333333333
587000000000,12,1937,161.41666666666666,61.08063500258131,4929.71625,0.10949991999211457,0.08785406806489389,4929.71625,1710.0711079566065,0.3468903728397362,0.058073789504920335,0.09674280316781482,0.10596812835138814,0.026329323566635653,0.14586935098408313,0.0489921571825084,0.07816949628013485,0.13978533956421935,0.02618347064369847,0.05971383391925541,0.06948601515917875,0.06112326920805918,0.06987312654586103,0.0136898959222425,25,M,Malabon,365525,Broadcast journalist,1957-04-05,Metro Manila,NCR,Luzon,1.0,Highly Urbanized City,creative_media_and_design,64,Baby Boomer,-0.1965397923875433,-0.08396880603141012,0.169959622094163,0.11010108864696727,-0.038155626794472444,-0.3215845414481425,-0.023855684540963762,-0.052721110220143044,-0.19087301907427912,-0.44476222908081464,-0.20555623442655174,-0.7061222492205352,0.36628921315460183,-0.06631438345961985,-58.45666666666668,-38.87000000000006,72.25833333333338,17.69874999999999,-26.98833333333323,-80.63250000000002,-8.346666666666636,-34.29833333333329,-33.45919191919191,-171.9658333333334,-64.48333333333332,-301.677196969697,118.79583333333335,-4.114696969696979
628000000000,12,1961,163.41666666666666,64.52451810300867,5272.190833333333,0.09849174570858815,0.08802926105218996,5272.190833333333,1626.3548838401105,0.3084779999914856,0.0609152814551644,0.10509550840384123,0.10522860656965462,0.030037822881155366,0.14344057450940537,0.031287875652671146,0.09433263363709825,0.11658024737013939,0.01673386076413261,0.044691554733530064,0.06824716666525078,0.06341473431131595,0.07293238526029815,0.04706174778634267,25,M,Calapan,133893,Financial controller,1953-07-23,Oriental Mindoro,MIMAROPA (Region IV‑B),Luzon,0.2903225806451613,Component City,professional_services_and_knowledge,68,Baby Boomer,-0.45132617317030815,-0.21746705055788781,-0.09200724599037423,0.04205798160202113,-0.2298467862074965,-0.40934434168255657,0.14538680626375844,-0.12425943161464299,-0.15008982903506238,0.6313963012742808,0.0721234377013271,-0.2068297815890889,-0.3412534933127406,0.7479469016880019,-168.99833333333325,-123.68166666666673,-50.19045454545454,7.862571428571442,-176.14499999999998,-86.06613636363636,56.193333333333385,-73.65250000000003,-16.480545454545464,108.79431818181814,22.389999999999986,-76.65766666666667,-167.18833333333333,149.36363636363637
644000000000,1,7,7.0,494.06,3458.42,0.0,0.7142857142857143,3458.42,,,0.0,0.0,0.0039033910709929246,0.0,0.2622672196470684,0.0,0.0,0.0,0.32370090265918516,0.003691957387980808,0.0,0.0,0.4064365292347727,0.0,133,M,Antipolo,776386,"Librarian, public",1951-07-08,Rizal,Region IV‑A (CALABARZON),Luzon,1.0,Component City,education_and_community,70,Baby Boomer,,,,,,,,,,,,,,,,,,,,,,,,,,,,
647000000000,2,8,4.0,580.83625,2323.345,0.0,0.75,2323.345,2855.98307600903,1.2292548355965345,0.0,0.0,0.014233528598696771,0.0,0.5591955487540894,0.0,0.0,0.0,0.10209011174740895,0.0,0.0,0.32448081089980496,0.0,0.0,273,M,San Juan,122180,"Sound technician, broadcasting/film/video",1963-06-26,Metro Manila,NCR,Luzon,1.0,Highly Urbanized City,creative_media_and_design,58,Baby Boomer,,,,,,,,,,,,,,,,,,,,,,,,,,,,
664000000000,12,1950,162.5,74.0142,6013.65375,0.09550946519193003,0.10328606555506205,6013.65375,2218.721783285245,0.36894737800380417,0.07024874669480642,0.09756619745856095,0.107337757648037,0.02523184769691285,0.12647766938260316,0.02494441312551818,0.08801592824230065,0.12312909891216646,0.03344521880136213,0.07271679355718856,0.051459910759709515,0.07674119250219792,0.07372697943303066,0.02895824578560553,24,M,Binan,333028,"Teacher, early years/pre",1960-02-08,Laguna,Region IV‑A (CALABARZON),Luzon,0.9166666666666666,Component City,education_and_community,61,Baby Boomer,0.06836462975482563,-0.2081975614380169,-0.11782508400485575,0.1486875554025245,-0.05871275502187232,0.45678674521671,0.013566021729613202,-0.08251166168542778,-0.3542556258838713,-0.4880424639206625,0.028953045423207438,-0.15001516262790227,-0.2811434227191519,21.441635742366906,24.775000000000034,-117.13749999999999,-69.7208333333333,22.551111111111112,-40.79083333333335,51.59696969696968,6.223333333333301,-56.61833333333334,-103.20599999999999,-279.35916666666657,7.594166666666638,-81.47348484848476,-139.6591666666667,530.5245454545455
665000000000,1,9,9.0,698.7488888888888,6288.74,0.0,0.8888888888888888,6288.74,,,0.0,0.0,0.0,0.0,0.09297569942468603,0.0,0.0,0.0,0.26281735291966274,0.0,0.003324990379630896,0.4829059557240401,0.15797600155198022,0.0,138,M,Iligan,342618,Call centre manager,1961-06-07,Lanao del Norte,Region X (Northern Mindanao),Mindanao,0.7272727272727273,Highly Urbanized City,services_governance_and_other,60,Baby Boomer,,,,,,,,,,,,,,,,,,,,,,,,,,,,
668000000000,12,662,55.166666666666664,65.91744712990936,1818.2229166666666,0.10701644951915883,0.09783790953610975,1818.2229166666666,740.5891135263413,0.40731480542774,0.06929237620597274,0.07241822088064699,0.12344907717422411,0.021805216463166428,0.1539640038399812,0.026664998233429053,0.0987715432424434,0.14713502492167976,0.0232518300382023,0.03765805742351264,0.06053630686774201,0.060639591344485294,0.1014166818224307,0.002997071542083353,25,F,Butuan,337063,Contractor,1969-06-24,Agusan del Norte,Region XIII (Caraga),Mindanao,0.5116279069767442,Highly Urbanized City,engineering_tech_and_built_env,52,Gen X,-0.24566117220602995,-0.04345042462335679,-0.13916846620446963,-0.37638381471013993,-0.035500190637305376,-0.49303871724677356,-0.16711910135905025,-0.14118892664328828,1.1011922149383513,-0.36924425678093464,-0.23743644781474496,-0.31925650509876446,3.124699951992319,0.07211822660098513,-36.4730909090909,-8.049722222222243,-30.055454545454552,-45.501666666666665,-12.311111111111131,-37.821000000000005,-31.899833333333305,-36.31633333333332,54.03366666666667,-34.39633333333333,-25.257500000000007,-56.49534090909091,260.35,0.5228571428571422
693000000000,1,11,11.0,583.42,6417.62,0.0,1.0,6417.62,,,0.0,0.0,0.0,0.0,0.21536156970698905,0.0,0.0,0.0,0.43619886146872033,0.0,0.0,0.0,0.34843956882429067,0.0,113,M,Bacolod,561875,"Chemist, analytical",1938-02-27,Negros Occidental,Region VI (Western Visayas),Visayas,0.8852459016393442,Highly Urbanized City,professional_services_and_knowledge,83,Silent,,,,,,,,,,,,,,,,,,,,,,,,,,,,
717000000000,12,656,54.666666666666664,75.61778963414633,2066.88625,0.10432397675036394,0.09973608042702559,2066.88625,1764.0248805225842,0.8534697448989195,0.036570939518056074,0.07702473487702245,0.130236284384996,0.03383287852862871,0.15877353132212144,0.02186937542071833,0.12003529248968808,0.0909179433763004,0.028930317998264,0.0854692995718279,0.041956844799813146,0.08433580178182826,0.07296327568135397,0.01708348024938124,25,M,Santiago,134830,Art therapist,1965-10-11,Isabela,Region II (Cagayan Valley),Luzon,0.5675675675675675,Independent Component City,healthcare_and_therapy,56,Gen X,0.719805237531254,-0.2721449366621189,-0.1862330606503316,0.13407307383706143,0.24331322806199332,-0.8277139301661666,-0.16005341430192452,0.01542526691513592,0.6758176634526059,0.10110835434124822,0.31352854244420497,-0.13294889569847848,1.4987673138110384,-0.7296135475466783,45.58166666666666,-58.34583333333333,-40.048333333333346,11.418333333333337,69.90899999999999,-70.67125,-32.6340909090909,2.7177777777777976,52.74249999999999,27.179821428571415,22.75818181818181,-43.014285714285734,196.66449999999995,-56.010000000000005
722000000000,12,1309,109.08333333333333,63.8465011459129,3482.294583333333,0.10959979228604992,0.08839657840898785,3482.294583333333,1406.140389740899,0.4037970815194242,0.09674439505779525,0.09084091092715284,0.12813470997213658,0.020137366481676768,0.16380962142151997,0.027298380118431085,0.09218672148098994,0.13798664686139275,0.01196179125630834,0.05149954002604195,0.059454254889026,0.05896987413451651,0.0504283371121777,0.010547450260834326,25,M,Muntinlupa City,504509,Industrial/product designer,1938-04-12,Metro Manila,NCR,Luzon,1.0,Highly Urbanized City,creative_media_and_design,83,Silent,-0.3450824540435111,-0.06960608122648146,-0.22697687244767603,-0.15628033391574456,-0.20688543789139519,-0.3970713103596921,0.06116999544748843,-0.22062235426290744,-0.7363536747379342,0.2350305643352153,-0.18337884180928704,-0.48355947329666943,-0.019654619324057133,-0.7558659074587053,-117.65500000000003,-19.94666666666666,-93.2833333333333,-24.150000000000006,-128.2343181818182,-43.82310606060605,17.467499999999973,-98.02416666666676,-84.37222222222222,40.99309090909091,-37.60916666666668,-195.22424242424236,-4.023333333333369,-59.534747474747476
726000000000,12,660,55.0,75.17093939393939,2067.2008333333333,0.12066120954677627,0.1339046176707125,2067.2008333333333,1165.4122132865846,0.5637634208028899,0.06784590290315658,0.09186401189666944,0.0980831916394898,0.013476195887304478,0.11586677633886334,0.03752519493025891,0.10261608119451893,0.1206129028816923,0.0274478701984153,0.0865539610075947,0.07660004335282364,0.04555730794424992,0.0831060520448247,0.032844507780138005,25,M,Calapan,133893,Recycling officer,1970-02-07,Oriental Mindoro,MIMAROPA (Region IV‑B),Luzon,0.2903225806451613,Component City,services_governance_and_other,51,Gen X,-0.30683138869823845,-0.2629558928986253,-0.42842138531193036,0.23823812489384613,0.07078780719887125,-0.1481125922195467,0.07498572787821121,0.19254388286501875,-0.19360262149022303,-0.09374114981591626,-0.32421688935534665,-0.013381453068137074,1.6250002092660785,-0.9838719275246547,-40.641212121212135,-55.22575757575757,-105.98054545454545,21.04000000000002,17.978333333333325,-11.76402777777777,12.896181818181816,39.40683333333334,-22.59875000000001,-16.068545454545472,-58.413272727272755,-1.0534920634920582,220.60325757575754,-389.7264285714286
750000000000,12,660,55.0,77.7934393939394,2139.3195833333334,0.08956070459915964,0.10802925846409618,2139.3195833333334,1986.596082191365,0.9286111797733344,0.05913598938454958,0.08572372144569078,0.11721747571832658,0.017724065214348095,0.1699388578580009,0.026715324611851273,0.1164697361085353,0.11107171692653726,0.05087672372796373,0.041213302262543494,0.04796702226199309,0.0654571179818789,0.06838186836348542,0.022107078134295636,24,M,Tuguegarao,153502,Outdoor activities/education manager,1966-06-07,Cagayan,Region II (Cagayan Valley),Luzon,0.4693877551020408,Component City,education_and_community,55,Gen X,0.10451996691781801,0.599587166190781,0.009828027377055897,0.10760694187556584,-0.205020329390409,-0.5745709781092718,-0.0820427546749715,0.21985303966780834,2.156715962074887,-0.5439561958061285,0.29052449320441903,0.3913474325751762,9.75741442871574,27.402661661832454,15.305555555555543,92.6288888888889,1.8346666666666636,9.114666666666679,-68.38265151515151,-54.14428571428572,-14.555000000000007,41.77927272727271,353.08555555555563,-47.71484848484849,22.982424242424244,57.21977777777778,619.7828333333332,229.43857142857144
753000000000,12,661,55.083333333333336,71.0057034795764,1955.6154166666665,0.09713726475642041,0.09217582073315156,1955.6154166666665,1450.3813628355433,0.7416495853298747,0.05103998327046828,0.10585484268480862,0.13117650248448753,0.04684523896551799,0.15656539822063753,0.04740441005278337,0.1117122213345799,0.09996898539826299,0.039914955883432864,0.03748343325999703,0.05105260764601013,0.03809121225691571,0.06577277623453325,0.01711743230756477,24,M,Dagupan City,171271,Camera operator,1949-04-24,Pangasinan,Region I (Ilocos Region),Luzon,0.6129032258064516,Independent Component City,creative_media_and_design,72,Baby Boomer,1.372863337939933,0.08988764044943821,-0.19786570060372427,-0.34822016788864096,0.7638562925170069,-0.22906746441097586,-0.48941350768140673,-0.46529621343332217,0.6231583904936718,0.740553675094076,1.3812069364330302,12.601263910569514,-0.8840632892884686,35.47915594441585,107.00371428571427,17.28,-46.10234848484848,-46.81571428571429,149.71583333333336,-24.673111111111112,-113.96849999999998,-115.51909090909089,53.61298701298699,43.51411111111113,76.60020202020203,714.9957142857143,-308.37100000000004,172.34
786000000000,12,1941,161.75,76.20858320453374,6163.369166666666,0.1004810677727223,0.10147151044591517,6163.369166666666,2630.381954405129,0.42677663519346154,0.06042173882397084,0.09199869399596022,0.0972924170496026,0.018526785786890248,0.11920778808412182,0.022934924368213847,0.07632137110523333,0.12682502008743057,0.027108238934296102,0.08835421468478442,0.04789735072869464,0.07218859171434056,0.09133608070080379,0.05958678393565698,25,M,Masbate,95389,Social worker,1961-09-20,Masbate,Region V (Bicol Region),Visayas,0.3333333333333333,Component City,education_and_community,60,Baby Boomer,-0.14467177916263974,-0.25194288918705476,-0.11933697952938774,-0.4050508163357023,-0.2620007963992018,-0.18397205423114,-0.2160829633907795,0.08624406728328401,-0.023931808250429766,-0.024751841947014096,0.09564945204395162,5.24995438274487,-0.07650252749289148,10.240252630662185,-51.51750000000004,-156.02181818181828,-65.25833333333333,-72.10228571428569,-195.19583333333333,-24.006666666666646,-105.21151515151519,54.10500000000002,-3.8336363636363444,-12.341969696969727,22.15416666666667,592.8725757575758,-45.63037878787884,1197.1674545454546
790000000000,12,1311,109.25,66.03574370709383,3607.2025,0.09231534450579358,0.09909383296022496,3607.2025,1284.0231366541043,0.35596092447100053,0.06243408060807423,0.08916845938109642,0.10908519586209296,0.019430447466892032,0.13901464463743948,0.03906646896183224,0.08947616342374837,0.12711756271441707,0.04519542883968986,0.08707528819581754,0.055929564793153426,0.05743371653113983,0.07113105562223282,0.008441922962373729,25,M,Butuan,337063,Hotel manager,1947-01-06,Agusan del Norte,Region XIII (Caraga),Mindanao,0.5116279069767442,Highly Urbanized City,services_governance_and_other,75,Baby Boomer,-0.07999135895813723,0.0164214817700173,-0.3938799599831323,0.03518942123899357,-0.1739811076740244,-0.07742183792672877,0.07208607329974973,-0.10765966940790112,-0.7535842526737118,1.1831505737069428,-0.27834026283350405,-0.29009751682268836,-0.12251227870690616,-0.7368911259957989,-17.28,4.672500000000014,-186.02983333333339,3.7433333333333394,-90.50022727272727,-10.728484848484854,19.05583333333334,-45.84166666666664,-302.9098888888889,244.6314393939394,-55.50916666666669,-80.05265151515155,-32.32333333333335,-37.185
798000000000,12,657,54.75,66.56974124809742,1822.3466666666666,0.11231273517107691,0.08711058029904684,1822.3466666666666,1331.5793490427452,0.7306948636059433,0.05498499491979648,0.1228502349148744,0.10991589713176025,0.020313248474843396,0.17038592785772852,0.04671639897529901,0.10897757438775467,0.14316856215975213,0.023746702984330483,0.06637646109107086,0.042732652596775784,0.05383740891113541,0.03122299721121918,0.004770938383659502,25,M,Dasmarinas,659019,Chartered loss adjuster,1958-12-12,Cavite,Region IV‑A (CALABARZON),Luzon,0.5733333333333334,Component City,professional_services_and_knowledge,63,Baby Boomer,0.30446247025740875,0.06361205172518752,-0.11047583440859235,0.17001227236005484,-0.05748425271201843,-0.7069021462012701,-0.032996912468246896,-0.03613117249480887,54.75657550036676,-0.19004584697395493,-0.6605576311055763,4.0303060894847365,-0.6073310566049449,0.5807598311486337,25.591454545454553,12.347272727272696,-24.230333333333334,13.127619047619035,-18.364666666666665,-101.66666666666666,-6.577454545454572,-7.279166666666669,348.36133333333333,-43.73208333333335,-119.34625000000001,249.51625000000004,-69.66643939393938,3.734285714285715
808000000000,1,8,8.0,696.7175,5573.74,0.0,0.875,5573.74,,,0.0,0.0,0.0,0.0,0.1180142756740142,0.0,0.0,0.0,0.14241341934927226,0.0,0.0,0.7395723049767134,0.0,0.0,199,M,Santiago,134830,Biomedical scientist,1953-08-16,Isabela,Region II (Cagayan Valley),Luzon,0.5675675675675675,Independent Component City,professional_services_and_knowledge,68,Baby Boomer,,,,,,,,,,,,,,,,,,,,,,,,,,,,
826000000000,12,655,54.583333333333336,64.4687175572519,1759.45875,0.10528784041486595,0.09268257218371345,1759.45875,1098.434830701562,0.6243026900753212,0.06919527679604155,0.08349191540042182,0.13131217938614212,0.01329934138795713,0.15145349721547638,0.05015899181761831,0.06547649906612131,0.13952385901168474,0.011239590500171126,0.036724165442237784,0.08523510674625796,0.08340024488250375,0.05870428249268769,0.020785049854678314,25,M,San Jose del Monte,574089,Regulatory affairs officer,1942-02-19,Bulacan,Region III (Central Luzon),Luzon,0.5932203389830508,Component City,services_governance_and_other,79,Silent,-0.4420179322147401,-0.24469492390538383,-0.11373011669154583,-0.09131100897351713,-0.16939903948061694,0.09088753986496657,-0.2558977205930375,0.12409026758295917,-0.12842729970326394,0.10715928779847259,0.6185920052376965,-0.5767446806039177,-0.7708611457357594,-0.9036541065981495,-64.80545454545455,-41.98393939393941,-25.76545454545453,-8.343999999999994,-46.61833333333331,11.014920634920628,-32.65041666666664,26.510757575757566,-4.637142857142852,9.54347222222222,61.84345454545452,-215.15633333333332,-232.25361111111113,-79.32777777777778
838000000000,12,1299,108.25,72.91609699769053,3946.58375,0.10169981866420945,0.1084906124198614,3946.58375,2216.5155437833387,0.5616289135593129,0.06690509408211227,0.08333184024543293,0.11326982236510451,0.020302647164509333,0.17194248283135224,0.023938116662228708,0.0934842425711508,0.09876870816898116,0.02797103382734494,0.06352833912544815,0.07217561439574137,0.06455439417777999,0.08399790810736883,0.015829756275444758,25,M,Navotas,249463,"Radiographer, diagnostic",1968-03-12,Metro Manila,NCR,Luzon,0.7777777777777778,Highly Urbanized City,healthcare_and_therapy,53,Gen X,-0.12102784137670244,-0.20762765169236,-0.22814864357175615,0.6362937243536398,-0.13838892225219723,-0.6117476572311854,-0.5083135343147623,-0.11966598501069065,2.4488794844666737,-0.438951577284819,-0.3648265951814721,-0.44406542009274186,-0.5771918826534286,-0.46160479680739663,-27.08310606060607,-70.26984848484847,-103.42143939393941,55.43549999999999,-86.22333333333336,-86.34818181818183,-206.2808333333334,-42.429469696969704,127.30500000000002,-143.77683333333331,-108.535,-201.53909090909087,-371.63863636363635,-42.481909090909085
840000000000,12,1964,163.66666666666666,71.75099796334011,5871.623333333333,0.10463673673795076,0.09407533445361987,5871.623333333333,3084.620449163414,0.5253437208160061,0.0592050078992358,0.09233699916069855,0.11305910757011484,0.02784211209819758,0.15858508615156752,0.03015949704829445,0.09007970401366733,0.11519485517220836,0.025175611587619395,0.03812326214566019,0.05650227892519577,0.08573547064650298,0.056448093939949144,0.05155291364108808,25,M,Batangas,329874,"Copywriter, advertising",1943-07-23,Batangas,Region IV‑A (CALABARZON),Luzon,0.4285714285714285,Component City,creative_media_and_design,78,Silent,-0.11716997997898565,0.06119859944949785,-0.37892961406414116,-0.011151674087490257,-0.21643681643583895,0.03527902890266802,-0.08577698619680679,-0.14254313565984314,-0.36325711569942437,1.0302823315118397,-0.5119051798283337,-0.36401243171343134,0.03756529740830298,1.4318318241612282,-37.35749999999996,27.116742424242375,-237.20583333333332,-2.0265714285714296,-184.53583333333324,5.293030303030292,-42.702499999999986,-90.08227272727277,-68.78999999999999,135.75,-194.425,-208.1077272727273,11.158333333333303,560.5550000000001
845000000000,12,3276,273.0,63.78563797313797,8706.739583333334,0.10478376948366724,0.08797895774470749,8706.739583333334,3447.2916754416624,0.3959337065783565,0.050349742627363615,0.09074938375619122,0.11672450642418174,0.028341493928269765,0.14309293722194735,0.037080936205559224,0.09422920697984451,0.14826806396087827,0.03347540367136785,0.06788982895209482,0.06426286997611108,0.06652075816474634,0.05180968478014016,0.007205183351304058,24,M,Dasmarinas,659019,Diplomatic Services operational officer,1930-04-02,Cavite,Region IV‑A (CALABARZON),Luzon,0.5733333333333334,Component City,services_governance_and_other,91,Silent,-0.10290058430543032,-0.08368119078662449,-0.21080586938811086,-0.04843292882725739,-0.20102903201827957,-0.0009545808093901826,-0.11843735292938284,0.019947526728149232,-0.625200788708571,-0.5226666891707288,0.0087566121791868,-0.18174152082477626,-0.22432100610174083,-0.3335857629685727,-40.944999999999936,-61.02583333333337,-213.68916666666678,-12.37572727272729,-259.1741666666667,-0.2699999999999818,-93.5333333333333,22.06750000000011,-297.0422727272727,-412.8966666666667,4.283333333333303,-132.00583333333327,-121.34999999999997,-27.16416666666668
851000000000,12,1971,164.25,66.71309994926433,5478.813333333333,0.10722324397658896,0.10642617104960579,5478.813333333333,2184.882495791134,0.39878754081622314,0.061227242179632914,0.09460874854567562,0.1191550630762342,0.018514196712346272,0.1446210110869767,0.04053532170148532,0.10591743420494744,0.13081809313206802,0.042480794754402466,0.06304221614036602,0.042575458684290225,0.04776667664954273,0.07009817113112586,0.018639572000906195,25,M,Mati,141141,Psychotherapist,1970-02-03,Davao Oriental,Region XI (Davao Region),Mindanao,0.2692307692307692,Component City,healthcare_and_therapy,51,Gen X,0.08192142811107714,-0.15835892685236877,-0.3618928138050684,-0.12042965381863541,0.20077534778233494,0.2737004190047527,-0.17050846541586342,-0.10747442857326185,1.099024724639266,0.5921849078599293,-0.12444084986986693,1.5558340987677457,-0.5430501040170144,-0.9677650108083822,23.881287878787873,-76.35500000000002,-266.87303030303025,-18.755714285714276,139.36151515151505,46.215,-89.3875000000001,-69.78583333333324,217.77083333333334,132.07500000000002,-27.054166666666646,269.2189393939394,-272.78583333333336,-460.34936363636365
854000000000,12,1955,162.91666666666666,65.89118158567774,5367.385833333334,0.09792148386863476,0.09727052763495188,5367.385833333334,1836.517329848553,0.3421623462287994,0.06045852141365008,0.1106254752122773,0.12006684798572807,0.025278958437453817,0.13189780805173784,0.026395454065458596,0.11034849905031964,0.10287611630828697,0.026999776828325956,0.06253225776043055,0.04256098025235211,0.05977971307740415,0.08698845681521455,0.03319113474136031,24,M,Olongapo,233040,Technical author,1956-12-25,Zambales,Region III (Central Luzon),Luzon,0.8823529411764706,Highly Urbanized City,professional_services_and_knowledge,65,Baby Boomer,0.016275195331949998,0.404908674229853,-0.09122889698213586,0.1801984971067503,-0.30305083356078744,-0.6600812039796149,0.46489118897533876,-0.14805212113135088,-0.30529155690671916,0.3965634382221983,-0.3715301200218917,-0.5533543862145985,0.060935852380449296,-0.8731061417922887,5.039166666666688,171.82333333333332,-54.52416666666659,25.584222222222195,-234.08833333333337,-124.23333333333335,196.72916666666657,-81.4666666666667,-63.93466666666663,106.38931818181823,-97.30250000000004,-288.65962121212124,28.36416666666662,-277.74696969696964
863000000000,12,1965,163.75,65.44137404580152,5358.0125,0.09524754277347978,0.09249690450268655,5358.0125,2208.346850900111,0.4121578385455635,0.06183704152737469,0.11289261349818275,0.12317956570882206,0.025641506496419497,0.14172683743150366,0.03459892703741888,0.08887584705405609,0.10978029725068257,0.037297114627596,0.02879552251868279,0.0481260393801173,0.10690718436879026,0.06764098266241927,0.012700520437934128,24,M,San Fernando,121812,"Education officer, museum",1964-07-18,Pampanga,Region III (Central Luzon),Luzon,0.3050847457627119,Component City,education_and_community,57,Baby Boomer,-0.14830502736709825,0.03380772865869959,-0.1567240546211535,-0.05506260990426515,0.010584483031938997,0.3207905955009621,-0.2384868984337966,-0.339520247078594,0.37367216360004946,-0.5824635130279753,-0.3375962223469112,0.7226696585706249,-0.07450516364979516,-0.7421818418995165,-45.633333333333326,18.45166666666671,-98.65583333333336,-8.341388888888872,7.455833333333203,47.095,-110.25666666666677,-218.02999999999997,70.47083333333333,-106.72333333333333,-89.24750000000003,352.11416666666673,-28.911666666666633,-66.37765151515151
867000000000,12,1953,162.75,67.97874039938557,5531.77,0.09378854985542057,0.09904983398038338,5531.77,2240.796858738077,0.4050777343848491,0.05612974926855679,0.11483926994451471,0.09070519133562878,0.025904233533129695,0.12956782922323373,0.036358713533719896,0.09771923471972067,0.11712151799318393,0.036100313854186654,0.07111376666354961,0.06479348380837484,0.07197072443488016,0.07003410442432766,0.01764186726299286,24,M,Santa Rosa,353767,"Clinical scientist, histocompatibility and immunogenetics",1966-11-19,Laguna,Region IV‑A (CALABARZON),Luzon,1.0,Component City,professional_services_and_knowledge,55,Gen X,-0.09133405033857471,-0.19954137232353092,-0.16992971386566094,0.10983381689098769,0.11003579168717148,0.18769438810006736,-0.0008085855854787584,-0.10230544771204911,0.5868742771639344,0.4017820710571169,0.09920075488969057,0.2872608598603143,0.24675948255072863,-0.7050341888271022,-25.335000000000008,-121.46083333333326,-90.94340909090909,16.51475000000002,66.89249999999993,31.22999999999996,-0.3975000000000364,-61.88166666666666,97.98218181818183,115.69749999999993,29.260833333333323,130.79963636363635,95.5025,-107.66283333333334
878000000000,12,655,54.583333333333336,62.669923664122145,1710.3666666666668,0.1196746987923387,0.09244814909211146,1710.3666666666668,800.5666453840363,0.4680672635793706,0.06860349791516565,0.1142336319972838,0.10484779420454027,0.02785420682897774,0.15117245527457102,0.02271362218990512,0.08532319595252169,0.15623133846139356,0.00930974806550366,0.06510902901709699,0.06986960862338076,0.05213100135298072,0.04220312042799438,0.03039774968868465,25,F,Dumaguete City,131377,"Accountant, chartered certified",1942-01-12,Negros Oriental,Region VII (Central Visayas),Visayas,0.8666666666666667,Component City,professional_services_and_knowledge,80,Silent,1.276228133780477,-0.36480155628128874,-0.3348970000044889,0.058824270312027534,-0.017926221335992042,0.020413673400510892,-0.2575108357601727,-0.3964143912123075,-0.2808724255062992,0.8616621194484448,-0.21938759320958282,0.1935753024614101,-0.08843292257614534,-0.6431928525379538,102.40454545454547,-71.20257575757573,-67.82181818181817,7.005499999999984,-4.4950000000000045,1.0080952380952297,-41.64800000000001,-135.45083333333335,-9.331785714285715,70.93992424242425,-31.427272727272737,24.74666666666667,-6.9154545454545655,-161.05457142857142
902000000000,12,3941,328.4166666666667,65.50461304237503,10756.403333333334,0.09143262926265479,0.09538563000458176,10756.403333333334,4158.1135054144615,0.3865709918601473,0.06393800453709424,0.09783428521856312,0.10775247992300611,0.02126898542831639,0.14859160909575642,0.04149182492111249,0.08756982969638734,0.13141309709126925,0.01894422827875764,0.06465757106408407,0.05771962806858393,0.07046026841988527,0.07125830230859738,0.017099885948586368,25,M,Naga City,196003,"Designer, fashion/clothing",1943-02-03,Camarines Sur,Region V (Bicol Region),Luzon,0.8518518518518519,Independent Component City,creative_media_and_design,78,Silent,-0.23891181641094558,-0.10461125673504654,-0.055623209255997216,0.20767161499833833,-0.254068332658057,0.5717610083719922,-0.10667972421408256,-0.1951651543881941,-0.3303351799408811,-0.2968144525069502,-0.09758458231919949,-0.07502091089892361,0.09794260696965652,-0.8967537573790828,-169.7641666666666,-100.00583333333338,-57.28583333333336,48.097878787878784,-425.36416666666673,158.27249999999998,-94.68083333333345,-268.2883333333334,-87.16704545454547,-225.89583333333337,-57.133333333333326,-65.10083333333318,69.57500000000005,-337.36250000000007
903000000000,1,7,7.0,615.5585714285714,4308.91,0.0,0.7142857142857143,4308.91,,,0.0,0.0,0.0016918431807580107,0.0,0.0,0.0,0.0,0.004627620442292831,0.523742663457812,0.0,0.0,0.0,0.46993787291913736,0.0,140,M,Sorsogon,168110,"Designer, exhibition/display",1926-11-27,Sorsogon,Region V (Bicol Region),Luzon,0.265625,Component City,creative_media_and_design,95,Silent,,,,,,,,,,,,,,,,,,,,,,,,,,,,
925000000000,1,10,10.0,667.6569999999999,6676.57,0.0,0.9,6676.57,,,0.0,0.0,0.0014298330459649269,0.0,0.04883861109942946,0.0,0.0,0.0,0.34036879724250935,0.0,0.0,0.2888948075877719,0.3204679510243243,0.0,332,M,Tuguegarao,153502,Air cabin crew,1955-12-06,Cagayan,Region II (Cagayan Valley),Luzon,0.4693877551020408,Component City,services_governance_and_other,66,Baby Boomer,,,,,,,,,,,,,,,,,,,,,,,,,,,,
937000000000,12,1310,109.16666666666667,68.6327709923664,3746.205416666666,0.0775358812678142,0.08039936660593078,3746.205416666666,1778.4249007795809,0.4747270111957727,0.06245933169962022,0.0885121728038582,0.11479792629211123,0.028091440550531217,0.14795437423224067,0.026302931474274923,0.07973799469041998,0.1345884166199482,0.025408723501113294,0.03740859460678509,0.05884069183842855,0.06052664046253454,0.13017924159194774,0.005191519636186164,25,M,Cadiz,283157,"Teacher, special educational needs",1970-04-02,Negros Occidental,Region VI (Western Visayas),Visayas,0.8636363636363636,Component City,education_and_community,51,Gen X,0.23464969730455784,-0.2815003898053034,-0.1302834795520374,0.15473785299473622,-0.15399657462885924,0.024338009764242507,-0.20954976821100346,-0.3753000398433476,-0.780729019497033,-0.3670557569293335,0.47432307349822483,-0.7227004432244529,0.624806398375016,0.9192284381298715,41.05333333333334,-99.35121212121211,-51.91416666666663,18.977222222222224,-85.77371212121216,2.194363636363633,-61.900303030303064,-193.09749999999997,-151.96499999999997,-48.75265151515151,76.67234848484847,-336.0419090909091,266.5866666666667,13.175050505050503
939000000000,12,650,54.166666666666664,64.27026153846154,1740.6529166666667,0.10710525071955733,0.08178028420230744,1740.6529166666667,1181.1455643623533,0.6785646656222744,0.05064943302220176,0.09693827360992767,0.10362517791794562,0.021242008747174624,0.13599044925802325,0.03549756616511491,0.09142983433691311,0.14145335153548375,0.03546994339288495,0.05354008810214861,0.06838478774579021,0.1014127387589762,0.0613247258111605,0.003041621596254819,24,M,San Fernando,306659,"Engineer, mining",1930-11-09,Pampanga,Region III (Central Luzon),Luzon,0.3050847457627119,Component City,engineering_tech_and_built_env,91,Silent,-0.5006576653671833,-0.3057320222749421,-0.29032524686172695,-0.21127656866488476,-0.37293026530185547,-0.3023950567533077,0.3968154229645844,0.4449393728540957,-0.735142885654711,-0.5446684438141859,0.5206962790807976,-0.3524132500529151,-0.5720245135481038,0.049679106251485666,-57.440909090909095,-59.631919191919195,-57.3723333333333,-22.133333333333326,-96.07522727272726,-20.46527272727272,52.24363636363637,70.9209090909091,-349.92250000000007,-79.89033333333336,54.89049999999999,-133.56955555555555,-101.78318181818186,0.33589285714285744
946000000000,12,654,54.5,67.945749235474,1851.5216666666668,0.11119980686363977,0.11036650982275113,1851.5216666666668,1266.0563735393896,0.6837923618893952,0.06328810105804256,0.07287666998666657,0.11468526379840595,0.028109959605237933,0.16291188843347867,0.0513793108273147,0.0975275298215907,0.14196752399639048,0.011715043379468345,0.03473899456807412,0.027796323425923863,0.09053210812782482,0.09637654318303995,0.006094739788541327,25,F,Lipa City,332386,Equality and diversity officer,1958-08-01,Batangas,Region IV‑A (CALABARZON),Luzon,0.625,Component City,services_governance_and_other,63,Baby Boomer,0.5994280603182206,-0.07333938086856212,-0.2343884430416112,0.620120752597585,1.2088351548311882,3.4000064211641563,-0.16714562124843343,0.4671946165004463,-0.8639057583961367,0.23008645203152708,0.4957287690093245,0.954538665848598,-0.028231003220139342,0.08753822629969402,43.25636363636366,-10.173333333333318,-57.11172727272728,58.88666666666667,236.6009090909091,117.66666666666666,-34.55431818181819,83.76371212121211,-44.27625,13.395888888888877,26.404166666666654,262.75055555555554,-6.334166666666647,0.7633333333333319
951000000000,12,1303,108.58333333333333,71.7276515732924,3894.2137500000003,0.09882973078719502,0.10411580132372966,3894.2137500000003,1419.8032883430276,0.3645930551046479,0.07590281586070376,0.08552312072897474,0.11010970243343889,0.018259713466971503,0.1272984150839346,0.03955648769705938,0.09910062941996965,0.11394789379474407,0.04090324197429882,0.06789496153266833,0.06574162837668124,0.07987619853110678,0.0723320459293159,0.0035531451701323485,25,M,Cadiz,283157,Prison officer,1949-05-09,Negros Occidental,Region VI (Western Visayas),Visayas,0.8636363636363636,Component City,services_governance_and_other,72,Baby Boomer,0.3712601854778406,-0.2783152687859171,-0.14120236551411652,-0.09443120206498781,-0.1452981952142174,-0.31106772171410957,-0.30568211358754394,-0.3271278320413482,0.9587642620046322,1.2157351192338985,-0.12059606328088976,-0.24836233897296509,1.0006269444706326,-0.009397661684179288,80.26583333333335,-92.46166666666673,-60.24916666666667,-10.92285714285714,-69.71250000000003,-45.405,-130.32833333333332,-155.54083333333335,119.77266666666668,194.23799999999997,-27.67750000000001,-112.31215909090906,176.89416666666668,-0.1269999999999989
960000000000,1,9,9.0,628.6500000000001,5657.85,0.0,0.8888888888888888,5657.85,,,0.12874501798386312,0.0,0.0011930326890956812,0.0,0.05014802442623965,0.0,0.0,0.0,0.28924591496769975,0.0,0.0,0.1736896524298099,0.3569783575032919,0.0,339,M,Lucena,266248,Interpreter,1957-06-01,Quezon,Region IV‑A (CALABARZON),Luzon,0.7878787878787878,Highly Urbanized City,services_governance_and_other,64,Baby Boomer,,,,,,,,,,,,,,,,,,,,,,,,,,,,
968000000000,12,1953,162.75,65.25379928315412,5310.027916666667,0.1042703987080576,0.08780698742965916,5310.027916666667,2500.188918870592,0.47084289538727475,0.046942954793134824,0.10371355563097351,0.11668648582534576,0.020894312611209314,0.1666206512949876,0.02790780540860228,0.10592705213595882,0.1311945207094876,0.0276989514997831,0.04802823107685883,0.05717114907046059,0.05545044971059351,0.05623295371792081,0.03553092651468344,25,M,Digos,169393,"Administrator, charities/voluntary organisations",1970-08-31,Davao del Sur,Region XI (Davao Region),Mindanao,0.6538461538461539,Component City,services_governance_and_other,51,Gen X,0.03983814591206859,0.10753309689730343,0.19521891451374182,0.0073291363167079385,-0.24565005985152255,-0.13880209624890483,-0.03550568263559188,0.3738591956811305,-0.7752155611378911,-0.6326562290913956,0.27736085053158227,-0.09510251524177282,-0.5780451422455781,-0.9416429455840492,9.820833333333297,46.81999999999999,86.83499999999998,0.934696969696958,-215.135,-20.99000000000001,-18.509999999999934,176.5908333333333,-228.36299999999997,-250.71878787878788,66.525,-28.364166666666677,-260.6025,-491.7950000000001
969000000000,12,648,54.0,65.19700617283951,1760.319166666667,0.10774106716499264,0.08985006848055517,1760.319166666667,885.547685353001,0.5030608665301705,0.05575369237432715,0.12373345979850538,0.13730414104272173,0.02591867455756408,0.1249274917330137,0.03998177143502398,0.11972478709038877,0.14096088134610962,0.02289987828658156,0.06900519262550255,0.04696486343787473,0.028402585663733704,0.05686129860348329,0.007561282005169764,26,M,Tagbilaran City,105051,"Administrator, education",1959-12-19,Bohol,Region VII (Central Visayas),Visayas,0.9333333333333332,Component City,education_and_community,62,Baby Boomer,0.22992775115978395,-0.09578310808068502,-0.33000237925291454,-0.23531467278331297,0.26375035257314267,-0.6495797637315245,0.09365327227967608,0.017861292203550403,1.5033385494211664,-0.4821198954642381,-0.3893204553294239,2.2381291458981374,0.7571412223045959,1.3846788450206253,20.995277777777773,-21.23999999999998,-77.7560606060606,-26.26299999999999,72.00199999999995,-76.48022222222224,15.320909090909083,3.7036363636363774,70.68053571428572,-100.23433333333332,-56.43199999999999,199.06666666666666,69.16863636363637,13.05444444444445
971000000000,12,1950,162.5,66.13007692307691,5373.06875,0.10149632290733186,0.09496947519291798,5373.06875,1901.242779125441,0.353846724765143,0.06176471876541121,0.109490316638103,0.129819109550366,0.02370435076332947,0.14752227080060898,0.025519785052012033,0.09252167513989455,0.12414256165259178,0.04940567188537897,0.03858927387425788,0.05125414570821235,0.0649423286875225,0.07454233357496194,0.006781457907349288,25,M,Sorsogon,168110,Research scientist (medical),1942-05-25,Sorsogon,Region V (Bicol Region),Luzon,0.265625,Component City,professional_services_and_knowledge,79,Silent,-0.036580659312588894,-0.015596011981646533,-0.07641491380547628,-0.3289371772805507,-0.019488597411206083,-0.07139380929206193,-0.22796075683251568,-0.2768112479278383,0.16612324343088097,0.5606171754221103,-0.4722435949106133,0.8546187404703153,0.15679246458108295,-0.8164300384648874,-10.979166666666629,-7.9791666666667425,-47.91750000000002,-65.5242857142857,-14.308333333333394,-8.924166666666665,-113.85499999999996,-187.29833333333335,44.66583333333335,84.06454545454545,-161.11416666666665,269.2087878787878,60.840833333333364,-48.303712121212115
989000000000,12,655,54.583333333333336,70.47970992366412,1923.50875,0.10224258683315623,0.11906575431551025,1923.50875,943.8733951363369,0.49070397789265935,0.06184681805795949,0.10768937585277827,0.09451282348887625,0.028099817328054114,0.1462066213785426,0.03878633401971906,0.09131845872639777,0.11980396609215911,0.028669491868353932,0.05211234656218281,0.04253180935432321,0.09394667269837377,0.07190029143975403,0.02257517313252561,25,M,Manila,23088000,Database administrator,1948-11-20,Metro Manila,NCR,Luzon,1.0,Highly Urbanized City,professional_services_and_knowledge,73,Baby Boomer,0.8107090626275778,-0.2683839949557313,-0.2484661979237675,-0.4445966135458168,-0.4143998913749042,-0.6046439249558512,-0.002058197303051735,0.1757525846713152,-0.06395187229480198,-0.5140484569697306,-0.5106854113851118,-0.13011835773892105,0.750545552074317,-0.9220277441578997,63.38565656565655,-68.10333333333332,-42.52333333333331,-59.51666666666668,-135.95113636363638,-76.84755555555556,-0.3189999999999884,38.556777777777796,-6.441999999999993,-115.94041666666666,-61.55177777777777,-48.47728571428564,74.62424242424242,-198.07
994000000000,12,1321,110.08333333333333,63.60344436033308,3500.839583333333,0.1158054782144284,0.09577729534685663,3500.839583333333,1461.2116145275652,0.4173889090731398,0.07246032075060084,0.1351666914392714,0.10723685735017639,0.02553311496980958,0.1564309990803043,0.050409914778220544,0.0969935360194459,0.10607531804697544,0.024555299857397354,0.06193645955053404,0.04757481348917928,0.06018196284643595,0.0500537557718658,0.005390956049783128,25,F,Maasin,85560,"Engineer, site",1966-04-18,Southern Leyte,Region VIII (Eastern Visayas),Visayas,0.0857142857142857,Component City,engineering_tech_and_built_env,55,Gen X,0.06859263534537802,0.03993935976086984,-0.1122954699434788,0.3416870950796708,-0.10953826301528798,0.184119575484803,-0.3441958728206534,-0.37042505245162793,-0.25864913728037053,-0.31276977935065287,0.04089226388229703,-0.09607145883615756,1.9817499753200172,0.04390299312773354,13.901212121212126,15.521666666666647,-40.331666666666706,30.35472222222222,-58.855000000000075,33.135999999999996,-133.86666666666662,-146.9825,-26.791818181818158,-68.05166666666668,6.461999999999989,-30.610000000000014,273.7427272727273,0.7027272727272766
